ID,Name,Macroarea,Latitude,Longitude,Glottocode,ISO639P3code
cemp,Central-Eastern Malayo-Polynesian,,,,,
marn,Marngu,,,,,
mec,Maarra,,,,mara1385,
mem,Mangarla,,,,mang1383,
mep,Miriwoong,,,,miri1266,
mfr,Marithiel,,,,mari1424,
mhg,Maraura,,,,marg1251,
min,Padang,,,,mina1268,
mirn,Mirning,,,,,
miyl,Miyal Subgroup,,,,,
miyn,Miyan,,,,,
mnt,Micoolan,,,,mayk1239,
mpam,Middle Pama,,,,,
mpb,Djiramo,,,,mull1237,
mpc,Mungerry,,,,mang1381,
mph,Gunmarung,,,,maun1240,
mpj,Jigalong,,,,mart1256,
mrli,Mirili Subgroup,,,,,
mvl,Mbara,,,,mbar1254,
mwd,Mudbura,,,,,
mwf,Murinkura,,,,murr1258,
mwp,Kala Lagaw,,,,kala1377,
mwp-kal,Saibai,,,,,
mwp-kaw,Kaurareg,,,,,
mwp-kul,Jam,,,,,
mwrc,Main Subgroup Wiradjuric,,,,,
nad,Balgu,,,,nija1242,
nam-nge,Ngan'gimerri,,,,,
nay,Jaralde,,,,narr1259,
nay-por,Portaulun,,,,,
nay-ram,Ramindjerar,,,,,
nay-tan,Tanganekald,,,,,
nay-war,Warki,,,,,
nbj,Ngarinyman,,,,ngar1235,
nbj-bil,Pilinara,,,,,
nbx,Galali,,,,ngur1261,
nbx-bid,Bidjara,,,,,
nbx-dhi,Dhiraila,,,,,
nbx-gar,Garandala,,,,,
nbx-kal,Galali,,,,,
nbx-nga,Eromarra,,,,,
nbx-ngu,Ngurawarla,,,,,
nbx-won,Wongkumara,,,,,
nbx-yar,Yarumarra,,,,,
nck,Nagara,,,,naka1260,
ngar,Ngargo,,,,,
lrg,Laragiya,,,,lara1258,
ngk,Boun,,,,ngal1292,
nglt,Ngult Subgroup,,,,,
ngra,Ngura Subgroup,,,,,
ngum,Ngumbin,,,,,
nhf,Noanamaronga,,,,nhuw1239,
nid,Ngandi,,,,ngan1295,
nju,Ngadjunmaya,,,,ngad1258,
nlr,Ngerla,,,,ngar1286,
nly,Nyamal,,,,nyam1271,
nly-wid,Widugari,,,,,
nmp,Nimanburru,,,,nima1245,
nmv,Karangura,,,,ngam1265,
nna,Pijikala,,,,nyan1301,
nna-bid,Peedong,,,,,
nnv,Doora,,,,nugu1241,
nny,Yangkaal,,,,nyan1300,
npam,Northern Pama,,,,,
npma,Norman Pama,,,,,
nrl,Ngarluma,,,,ngar1287,
nrx,Gnumbu,,,,ngur1260,
ntj,Ngaanyatjarra,,,,ngaa1240,
nug,Nungali,,,,nung1291,
nuy,Wubuy ,,,,nung1290,
nyh,Wanji,,,,nyig1240,
nys-bal,Toode-nunjer,,,,,
nys-jua,Juat,,,,,
nys-kal,Kalamai,,,,,
nys-kan,Kaniyan,,,,,
nys-kor,Koreng,,,,,
nys-min,Minang,,,,,
nys-nya,Nyakinyaki,,,,,
nys-pib,Pibelman,,,,,
nys-pin,Pinjarra,,,,,
nys-war,Wardandi,,,,,
nys-wii,Weal,,,,,
nys-wud,Wudjari,,,,,
nyt,Nyawaygi,,,,nyaw1247,
nyun,Nyungar,,,,,
nyv,Nyulnyul,,,,nyul1247,
nyx,Nganyaywana,,,,ngan1296,
pii,Pini,,,,pini1248,
piu,Pintupi-Luritja,,,,pint1250,
pjt,Mulatara,,,,pitj1243,
pjt-pit,Pitjantjatjara,,,,,
pjt-yan,Jangkundjara,,,,,
pnv,Binnigoora,,,,pini1244,
pnw,Panjtjima,,,,pany1241,
pti,Pintiini,,,,pint1251,
qe3,Yegir,,,,,
qk6,Eau,,,,,
qk6-ama,Amangu,,,,,
qman,Mantharda Subgroup,,,,,
qmar,Mari Subgroup,,,,,
qnga,Ngayarda Subgroup,,,,,
qt2,Wambawamba,,,,,
qt2-bar,Karraba,,,,,
qyar,Yalyi,,,,,
rit,Ritharngu,,,,rita1239,
rmb,Rembarrnga,,,,remb1249,
sks,Maia,,,,maia1254,
spma,Southern Pama Subgroup,,,,,
tbh,Thurawal,,,,thur1254,
tbh-wad,Wadiwadi,,,,,
than,Than,,,,,
thd,Thayore,,,,thay1249,
tiw,Tiwi,,,,tiwi1244,
tju,Tjururu,,,,tjur1240,
ump,Koko-umpilo,,,,umpi1239,
ung,Ngarinyin,,,,ngar1284,
ung-guw,Guwij,,,,,
ung-wil,Walmbi,,,,,
ung-wol,Woljamidi,,,,,
unp,Wurora,,,,west2435,
unp-ung,Oonggoomi,,,,,
urf,Uraδi,,,,urad1239,
urf-jat,Jathaikana,,,,,
vka,Kariyarra,,,,kari1304,
vku,Jawunmara,,,,kurr1243,
vma,Mardudunera,,,,mart1255,
vmb,Mbabaram,,,,mbab1239,
vmi,Miwa,,,,miwa1242,
vml,Malgana,,,,malg1242,
vml-bul,Bulugudu,,,,,
vmu,Muluridyi,,,,mulu1243,
wati,Wati,,,,,
wbp,Warlpiri,,,,warl1254,
wbp-nga,Nambuda,,,,,
wbt,Mardu,,,,wanm1242,
wbv,Watjarri,,,,waja1257,
wdj,Wadjiginy,,,,wadj1254,
wdu,Wainggo,,,,wadj1255,
wga,Lee-wakya,,,,waga1260,
wgg,Wangganguru,,,,wang1290,
wgy,Biyay,,,,warr1255,
wie,Wik-Epa,,,,wike1239,
wih,Wik-Me'anha,,,,wikm1246,
wik,Wikalkan,,,,wika1238,
wil,Walmbi,,,,wila1240,
wim,Wik-Mungkan,,,,wikm1247,
wiw,Wirangu,,,,wira1260,
wkw,Enibura,,,,waka1274,
wkw-dal,Mooloola,,,,,
wlg,Gunbalang,,,,kunb1251,
wmb,Wambayan,,,,wamb1258,
wmb-gud,Gudanji,,,,,
wmi,Wamin,,,,wami1239,
wmt,Juwaliny,,,,walm1241,
wmt-dju,Djuwarliny,,,,,
wnd,Warndarrang,,,,wand1263,
wnm,Wonggawan,,,,wang1289,
wpma,Western Pama Subgroup,,,,,
wrb,Didjadidja,,,,warl1256,
wrg,Warungu,,,,waru1264,
wrgu,Wirangu,,,,,
wrh,Woradjera,,,,wira1262,
wri,Malgaru,,,,wari1262,
wrl,Wanajaga.,,,,warl1255,
wrm,Warramunga,,,,waru1265,
wrr,Wartaman,,,,ward1246,
wub,Wunambal,,,,wuna1249,
wub-gam,Gamberre,,,,,
wub-miw,Miwa,,,,,
wwr,Warrwa,,,,warr1258,
wyb,Wongai-bun,,,,wang1291,
wyb-ngi,Narran,,,,,
wyb-wan,Wombungee,,,,,
wyb-way,Waljwan,,,,,
yalc,Eastern Pama Subgroup,,,,,
yara,Yara Subgroup,,,,,
ydic,Yidinic,,,,,
yia,Inggarda,,,,ying1247,
yii,Boolboora,,,,yidi1250,
yiy,Koko-Minychéna,,,,yiry1245,
ylr,Yalarnnga,,,,yala1262,
yub,Yugambal,,,,yuga1244,
yuin,Yuin,,,,,
yura,Proto Core Thura-Yura,,,,,
ywr,Jawdjibara,,,,yawu1244,
yww,Yawarawarga,,,,yawa1258,
zku,Milipitingara,,,,kaur1267,
zmc,Margany,,,,marg1253,
zme,Berrigurruk,,,,mang1382,
zmk,Mandandanyi,,,,mand1417,
zmu,Muruworri,,,,muru1266,
0g3,Tulua,,,,gure1255,
0g4,Piria,,,,pirr1240,
0g5,Ilba,,,,,
0g6,Gia,,,,,
0g7,Moothaburra,,,,,
0g8,Wadjalong,,,,,
0g9,Jimun,,,,,
0gj,Minkin,,,,,
0gm,Theddora,,,,,
0gr,MpalitYan̯,,,,,
0gt,Ngkoth,,,,,
0gu,Jinwun,,,,,
0gv,Aritinngithigh,,,,,
0gw,Angutimi,,,,,
0gw-nrw,Nrwaʔa,,,,,
0gx,Mbeiwum,,,,,
0gz,Tarkalag,,,,,
0h0,Ulaolinya,,,,,
0h1,Maljangaba,,,,,
0h3,Karawali,,,,,
0h5,Kairi,,,,,
0ha,Gabi,,,,,
0ha-bad,Badjela,,,,,
0he,Jagara,,,,,
0hf,Guwar,,,,,
0hg,Burragorang,,,,,
0hh,Ngarigo,,,,,
0hh-wol,Walgalu,,,,,
0hk,Darkinjung,,,,,
0hl,Eo-ra,,,,,
0hm,Yorta Yorta,,,,,
0hn,Yabula Yabula,,,,,
0ho,Wambo Wambo,,,,,
0ho-bar,Karraba,,,,,
0hp,Nari Nari,,,,,
0hq,Wathaurung,,,,,
0hr,Coligan,,,,,
0hs,Kirawirung,,,,,
0ht,Bungandaetch,,,,,
0hu,Kuurnkopannoot,,,,,
0hu-kir,Kirawirung,,,,,
0hv,Ngaiawong,,,,,
0hw,Yerraruck,,,,,
0hw-era,Yerraruck,,,,,
0hw-nga,Ngawaijung,,,,,
0hw-ngi,Ngintait,,,,,
0hw-ngr,Merkani,,,,,
0hx,Kerinma,,,,,
0ik,Munumburu,,,,,
0p7,Mailnga,,,,,
0ql,Mirning-Ngadjunma-Kalarko,,,,,
0s1,Koara,,,,,
0s5,Ngurlu,,,,,
0s7,Tjalkatjarra,,,,,
0s9,Mandjinjiwonga,,,,,
0sl,Inawonga,,,,,
0sm,Wirdinya,,,,,
0st,Tjitiyamba,,,,,
0su,Ngaiuwonga,,,,,
0ta,Tjeraridjal,,,,,
0tb,Moorooon,,,,,
0tc,Ngaliya,,,,,
0ty,Jadliaura,,,,,
0u7,Ngulangulandji,,,,,
0u8,Wadikali,,,,,
0u9,Marulta,,,,,
0ug,Ayerreyenge,,,,,
0uq,Janda,,,,,
0uu,Kungaditji,,,,,
0uw,Moorloobullo,,,,,
0ux,Rukkia,,,,,
0uy,Ringu-Ringu,,,,,
0uz,Mayawarli,,,,,
0va,Ngunnhalgri,,,,,
0vb,Wanywalgu,,,,,
0vc,Ngaraltu,,,,,
0vd,Peramangk,,,,,
0ve,Nganguruku,,,,,
0vf,Wotjobaluk,,,,,
0vf-dja,Painbali,,,,,
0vf-wot,Wotjobaluk,,,,,
0vp,Yarreyarre,,,,,
0vx,Ladji-Ladji,,,,,
0vy,Madhi Madhi,,,,,
0w0,Wudjawuru,,,,,
0wd,Jitajita,,,,,
0wr,Jardwadjali,,,,,
0wr-mar,Mardidjali,,,,,
0x0,Djakunda,,,,,
0x1,Daribalang,,,,,
0x2,Baranbinja,,,,,
0x8,Murrungama,,,,,
0xf,Woiwurrung,,,,,
0xf-bun,Bunurong,,,,,
0xf-tng,Thagungwurrung,,,,,
0xn,Tyapwurru,,,,,
0xo,Kurung,,,,,
0xp,Gunnai,,,,,
0xp-brb,Brabirra-wulung,,,,,
0xp-brt,arrawarracka,,,,,
0xp-kra,Krauatungulung,,,,,
0xp-tat,Tatungalung,,,,,
0xq,Bidhawal,,,,,
0xs,Janday ,,,,,
0xt,Ngamba,,,,,
0xu,Ngaku,,,,,
0xv,Kambuwal,,,,,
0xx,Moondjan,,,,,
0xy,Keinjan,,,,,
0xz,Jagara,,,,,
0y1,Wakelbara,,,,,
0y2,Barna,,,,,
0y3,Nguro,,,,,
0y4,Miyan,,,,,
0ya,Pikambal,,,,,
0yz,Wangan,,,,,
0zc,Charumbul,,,,,
0zm,Juru,,,,,
0zn,Bindal,,,,,
adg,Andegerebinha,,,,ande1247,
adt,Adnyamathanha,,,,adny1235,
aer,"Arrernte, Eastern",,,,east2379,
aid,Alngith,,,,alng1239,
alh,Allaura,,,,alaw1244,
aly,Alyawarre,,,,alya1239,
amg,Amurdag,,,,amar1271,
amx,Anmatjirra,,,,anma1239,
ant,Antakarinya,,,,anta1253,
aoi,Anindilyakwa,,,,anin1240,
ard,Ngarabana,,,,arab1267,
are,Arrernte,,,,west2441,
are-sou,Southern Aranda,,,,,
awk,Awabakal,,,,awab1243,
awk-cam,Cameeragal,,,,came1251,
awk-won,Wannerawa,,,,wona1238,
bcj,Bardi,,,,bard1255,
bck,Punamba,,,,buna1275,
bdy,Budulung,,,,midd1357,
bdy-gid,Giabal,,,,,
bdy-wid,Widjabal,,,,,
bdy-yug,Yugumbir,,,,,
bia,Bidungu,,,,badi1246,
bjb,Parnkala,,,,bang1339,
bjd,Bandjigali,,,,band1337,
bjy,Bayali,,,,baya1257,
bvr,Burarra,,,,bura1267,
bxi,Yarri-kuna,,,,pirl1238,
bxj,Baijungo,,,,bayu1240,
bxn,Bootena,,,,burd1238,
bym,Bidyara,,,,bidy1243,
bym-ngu,Gnoree,,,,,
bym-wdb,Wadjabangai,,,,,
bzr,Birri Gubba,,,,biri1256,
bzr-bar,Barada,,,,,
bzr-jan,Jangaa,,,,,
bzr-kab,Kabelbara,,,,,
bzr-kar,Karranbal,,,,,
bzr-wir,Wiri,,,,,
bzr-yam,Yambina,,,,,
dbl,Dyirbal,,,,dyir1250,
dbl-gir,Girramy,,,,,
dbl-gul,Gulnguy,,,,,
dbl-mam,Mamu,,,,,
dbl-nga,Ngadjan,,,,,
ddj,Jaroo,,,,jaru1254,
ddj-dja,Djaru,,,,,
ddj-nyi,Nyinin,,,,,
dhg-gaa,Gaalpu,,,,,
dhg-rir,Riraidjango,,,,,
dhg-wan,Wanʔguri,,,,,
dhl,Djalendi,,,,dhal1245,
dhr,Dal'gari,,,,dhar1247,
dhu,Dhurga,,,,dhur1239,
dhu-wal,Walbanga,,,,,
dhu-wan,Wandanian,,,,,
dif,Dayerrie,,,,dier1241,
djb,Djimba,,,,djin1252,
djd,Murinyuwan,,,,djam1255,
djd-nga,Ngaliwurru,,,,,
dji,Djinang,,,,djin1253,
djj,Djeebbana,,,,djee1236,
djl,Djiwarli,,,,djiw1240,
djn,Jawan,,,,djau1244,
djw,Djawi,,,,djaw1238,
drl,Paakantyi,,,,darl1243,
drl-kul,Gu:rnu,,,,,
drl-wil,Wilyaali,,,,,
drua,Drual Subgroup,,,,,
dyb,Dyaberdyaber,,,,dyab1238,
dyd,Jukun,,,,dyug1238,
dyn,Djan-Gadi,,,,dyan1250,
dyy,Dyaabugay,,,,dyaa1242,
gbb,Kaitidji,,,,kayt1238,
gbc,Garrwa,,,,garr1260,
gbc-wan,Wanyi,,,,,
gbd,Karadjeri,,,,kara1476,
gbu,Gagadju,,,,gaga1251,
gcd,Ganggalida,,,,gang1267,
gdh,Gadjerong,,,,gadj1243,
ggd,Galimbamu,,,,guga1239,
ggr,Aghu Tharnggalu,,,,aghu1254,
gia,Kwitj,,,,kitj1240,
gia-kul,Guluwarin,,,,,
glyn,Gulyan,,,,,
gma,Gamberre,,,,gamb1251,
gni,Goonien,,,,goon1238,
gnl,Gangulu,,,,gang1268,
gnn,Gumatj,,,,guma1253,
gnn-man,Mangalili,,,,,
gnr,Gooreng Gooreng,,,,gure1255,
gnr-goe,Goeng,,,,,
gue,Gurindji,,,,guri1247,
gue-mal,Malgin,,,,,
guf,Kupapuyngu,,,,gupa1247,
guf-gup,Kupapuyngu,,,,,
guf-mad,Madarrpa,,,,,
guf-man,Manggalili,,,,,
gunw,Gunwingguan Family,,,,,
gup,Mayali,,,,gunw1252,
gvn,Kuku-Yalanji,,,,kuku1273,
gvn-bid,Koko Bididji,,,,,
gvy,Kuyani,,,,guya1249,
gwu,Guwamu,,,,guwa1243,
gww,Gunin/Kwini,,,,kwin1241,
gyd,Kayardild,,,,kaya1319,
gyf,Gungabula,,,,gung1248,
gyy,Gunya,,,,guny1241,
ibd,Uwaidja,,,,iwai1244,
jao,Aniula,,,,yany1243,
jay,Yan-Nhangu,,,,yann1237,
jig,Jingulu,,,,djin1251,
jng,Yangman,,,,yang1288,
kany,Kanyara,,,,,
kard,Kartu,,,,,
kba,Kalarko,,,,kala1379,
kbe,Kaantyu,,,,kanj1260,
kda,Birrpayi,,,,wori1245,
kdd,Janggundjara,,,,yank1247,
kgl,Kunggari,,,,kung1258,
kgs,Coombyngura,,,,kumb1268,
king,Kingkel,,,,,
kjn,Kun'djan,,,,kunj1245,
kjn-oyk,Oykangand,,,,,
kkp,Kungkara,,,,gugu1254,
kky,Guguyimidjir,,,,gugu1255,
kld,Gamilaraay,,,,gami1243,
kld-koi,Koinberi,,,,,
kld-wer,Weraeria,,,,,
kld-yua,Ualari,,,,,
knya,Kanyara,,,,,
korn,Korni,,,,,
krna,Karna Subgroup,,,,,
ktd,Kokata,,,,koka1244,
ktg,Kalkutung,,,,kalk1246,
kuln,Kulin,,,,,
kuri,Kuri,,,,,
kux,Peedong,,,,kuka1246,
kvs,Kunggara,,,,kung1262,
lamc,Bay Pama Subgroup,,,,,
lby,Lamalama,,,,lamu1254,
lbz,Lardil,,,,lard1243,
lnj,Latarngit,,,,leni1238,
sju,Lappish-Swedish,,,,umes1235,
sma,Lappish-Swedish,,,,sout2674,
sme,Lappish-Swedish,,,,nort2671,
smj,Lappish-Swedish,,,,lule1254,
arb,"Arabic, Standard",,,,stan1318,
mixn,Mixtecan Macro-Family,,,,,
tara,Tarascan,,,,,
zapn,Sapotekan,,,,,
ayr,Aymara,,,,cent2142,
ayc,Aymara,,,,sout2996,
ayma,Aymaran Family,,,,ayma1253,
slk-cen,Central Slovak,,,,,
slk-wes,Western Slovak,,,,,
slk-eas,Eastern Slovak,,,,,
roma,Common Romance,,,,,
ieur,Indo-European,,,,,
celt,Celtic,,,,,
slv-pri,Primorska baza,,,,,
slv-upp,Upper Carniola,,,,,
slv-kor,Koroška baza,,,,,
slv-sta,Stajerski,,,,,
slv-rov,Rovte,,,,,
slv-inn,Notranjsko,,,,,
slv-pan,Pannonian,,,,,
slv-low,Lower Carniolan,,,,,
bel-vic,Vicebsk-Mahilëŭ,,,,,
bel-cen,Central Belarusan,,,,,
bel-sbm,Sluck-Babrujsk-Mazyr,,,,,
bel-pol,Polack,,,,,
bel-brp,Brèst-Pinsk,,,,,
ckt,Chukot,,,,chuk1273,
evn,Solon,,,,even1259,
sah,Yakut,,,,yaku1245,
itl,Itelmen,,,,itel1242,
kpy,Nymylan,,,,kory1246,
evek,Evenki,,,,,
dlg,Dolgan,,,,dolg1241,
eve,Even,,,,even1260,
mrj-yar,Yaran,,,,,
sdh,"Kurdish, Southern",,,,sout2640,
ckb,Kurdy,,,,cent1972,
ell,Modern Greek,,,,mode1248,
pgl,Primitive Irish,,,,,
alt,Altai (Southern),,,,sout2694,
bxm,"Buriat, Mongolia",,,,mong1330,
enf,"Enets, Forest",,,,fore1265,
enh,"Enets, Tundra",,,,tund1254,
eska,Eskimo-Aleut,,,,,
fugr,Ober-Ungarisch- und Finnische Nation,,,,,
kca,Khanty,,,,khan1273,
kim,Karagas,,,,kara1462,
kjh,Khakhass,,,,khak1248,
kjh-sho,Shor,,,,,
kpv,Komi Zyryan,,,,komi1268,
mns,jugra,,,,mans1258,
mong,Mongolic,,,,,
nio,Tawgy,,,,ngan1291,
rus,Russian,,,,russ1263,
sel,Selkup,,,,selk1253,
sel-ket,dialect of Ket,,,,,
slav,Slavische Sprache,,,,,
smoy,Samojedische Sprachen,,,,,
tat,Tatar,,,,tata1255,
tung,Tungusic,,,,,
turk,Turkish,,,,,
tyv,Tofa,,,,tuvi1240,
ukr,Little Russian,,,,ukra1253,
ykg,"Yukaghir, Northern",,,,nort2745,
yrk,Yurak Samoyed,,,,nene1249,
yux,Yukaghir (Southern),,,,sout2750,
eng-amr,American English,,,,,
rus-kur,Kursk-Orel,,,,,
rus-vla,Vladimir,,,,,
rus-psk,Pskov,,,,,
rus-ldt,Ladoga-Tixvin,,,,,
rus-set,Southeastern Transitional,,,,,
rus-udn,Upper Dnepr,,,,,
rus-nov,Novgorod,,,,,
rus-ntr,Northern Transitional,,,,,
rus-uds,Upper Desna,,,,,
rus-rjz,Rjazan',,,,,
rus-tvr,Tver,,,,,
rus-kos,Kostroma,,,,,
rus-swt,Southwestern Transitional,,,,,
rus-eak,Eastern Akan'e,,,,,
rus-sel,Seliger-Toržok,,,,,
rus-gdo,Gdov,,,,,
rus-vol,Vologda,,,,,
rus-wes,Western Russian,,,,,
coj-mon,Monqui-Didiu,,,,,
qp0,Pericú,,,,,
ppi,Paipai,,,,paip1241,
klb,Quiligua,,,,kili1268,
coj-gua,Guaycura,,,,,
ahg,Kimanteney,,,,qima1242,
tgl,Tagalog,,,,taga1270,
taik,Tai-Kadai,,,,,
chn,Chinook Wawa,,,,chin1272,
phn,Phoenician,,,,phoe1239,
0vf-bed,Yaran,,,,,
0xp-bri,Braiakaulung,,,,,
dhg,Waramiri,,,,dhan1270,
duj-dja,Djabu,,,,,
nbx-pun,Bundhamara,,,,,
nnr,Narangga,,,,naru1238,
pit,Pitta Pitta,,,,pitt1247,
pes,"Farsi, Western",,,,west2369,
prs,"Farsi, Eastern",,,,dari1249,
eng-bri,British English,,,,,
dogn,Dogon,,,,,
cahi,Kahita,,,,,
guaj,Guarijío,,,,,
hch,Huichol,,,,huic1243,
mfy,Mayo,,,,mayo1264,
ood,Pima-Pápago,,,,toho1245,
pia,Mountain Pima,,,,pima1248,
qny,Cora,,,,,
tarh,Tarahumara,,,,,
tepe,Tepehua,,,,,
tepi,Tepiman,,,,,
utaz,Uto-Aztecan,,,,,
var,Warijiyo,,,,huar1255,
yaq,Kahita,,,,yaqu1251,
mazn,Masateko,,,,,
mixt,Misteko,,,,,
otom,Otomi,,,,,
popn,Popoloca,,,,,
totc,Totonac,,,,,
eng,English,,,,stan1293,
abr,Abron,,,,abro1238,
bam,Bamanankan,,,,bamb1269,
bci,Baule,,,,baou1238,
bmq,Bomu,,,,bomu1247,
bof,Bolon,,,,bolo1266,
bxw,Bankagooma,,,,bank1258,
cme,Cerma,,,,cerm1238,
dos,Dorhosye,,,,dogo1295,
dux,Duungooma,,,,duun1242,
dyu,Jula,,,,dyul1238,
jod,Malinké,,,,woje1238,
klgo,Kulango,,,,,
kplg,Kpalaga,,,,,
lig,Ligwi,,,,ligb1244,
mzw,Deg,,,,degg1238,
nfaa,Nafaanra,,,,,
sef,"Senoufo, Cebaara",,,,ceba1235,
sen,Nanergé,,,,nane1238,
shz,"Senoufo, Syenara",,,,syen1235,
snfo,Senufo,,,,,
snri,Senari,,,,,
spmm,Suppire-Mamara,,,,,
tgdj,Tagwana-Djimini,,,,,
tsp,"Toussian, Northern",,,,nort2787,
tuz,Turka,,,,turk1306,
wib,"Toussian, Southern",,,,sout2797,
pcd,Picard,,,,pica1241,
wln,Walloon,,,,wall1255,
ext,Extremaduran,,,,extr1243,
cos,Corsican,,,,cors1241,
cat,Catalan,,,,stan1289,
ltz,Letzburgisch,,,,luxe1241,
xtg,Transalpine Gaulish,,,,tran1282,
germ,Germanic,,,,,
got,Gothic,,,,goth1244,
gmy,Mycenaean Greek,,,,myce1241,
grc-arc,Arcado-Cyprian,,,,,
omn,Minoan,,,,mino1236,
xga,Galatian,,,,gala1252,
xpg,Neo-Phrygian,,,,phry1239,
jpn,Japanese,,,,nucl1643,
spa,Español,,,,stan1288,
gwi,Loucheux,,,,gwic1235,
gwi-ala,Western Kutchin,,,,,
abk,Abkhaz,,,,abkh1244,
abq,Tapanta,,,,abaz1241,
abq-ash,Ashkar,,,,ashk1247,
abq-tap,Tapanta,,,,tapa1256,
ady,Adyghe,,,,adyg1241,
ady-aba,Abadzex,,,,abad1240,
ady-bez,Bzedux,,,,bezh1247,
ady-sha,Shapsug,,,,shap1240,
hye,Armani,,,,nucl1235,
kbd,Kabardian,,,,kaba1278,
kbd-bes,Beslenei,,,,,
kbd-che,Cherkes,,,,,
kbd-mal,Malka,,,,,
kbd-moz,Mozdok,,,,,
krc,Karachay,,,,kara1465,
lzz-sam,Samurzakan-Zugdidi,,,,,
sva,Svan,,,,svan1243,
xmf,Mingrelian,,,,ming1252,
gle,"Gaelic, Irish",,,,iris1253,
drav,Dravidian,,,,,
inda,Indo-Aryan,,,,,
cmn,"Chinese, Mandarin",,,,mand1415,
cac,"Chuj, San Sebastián Coatán",,,,chuj1250,
cakc,Cakchiquel-Pocomchi,,,,,
chch,Chohco,,,,,
chd,Highland Chontal,,,,high1242,
clo,Lowland Chontal,,,,lowl1260,
coj,Cadegomeño,,,,coch1272,
dih,Quemayá,,,,kumi1248,
hue,Huave,,,,sanf1258,
huv,Wave,,,,sanm1287,
hve,Wave,,,,sand1278,
hvv,Wave,,,,sant1422,
ixl,"Ixil, San Juan Cotzal",,,,ixil1251,
kekc,Cakchiquel-Pocomchi,,,,,
kjb,Conob,,,,qanj1241,
knj,Conob,,,,west2635,
lac,Lakantún,,,,laca1243,
mat,Pirinda,,,,sanf1262,
ocu,Okwilteko,,,,atzi1235,
pbe,Chocho-Popoloka,,,,mezo1235,
pbf,Popoloca,,,,coyo1236,
pbs,Central Pame,,,,cent2145,
pca,Chocho-Popoloka,,,,sant1454,
pei,Chichimec,,,,chic1272,
pls,Northern Popoloka,,,,sanm1301,
pmq,Northern Pame,,,,nort2984,
pmz,Pame,,,,sout2999,
poe,Eastern Popoloka,,,,sanj1285,
pow,Chocho-Popoloka,,,,sanf1264,
pps,Popoloca,,,,sanl1248,
quac,Quiche,,,,,
sei,Ceri,,,,seri1257,
adam,Adamawa,,,,adam1253,
bntd,Bantoid,,,,,
mdk,Mangbutu,,,,mang1396,
mknj,Makaa-Njem (A.80),,,,,
nga,Ngbaka,,,,ngba1285,
run,Kirundi,,,,rund1242,
uban,Ubangi,,,,,
xom,Gokwom,,,,komo1258,
khoi,Hottentoten,,,,,
guni,Nguni (S.40),,,,,
kel,Kela,,,,kela1254,
kwan,Kwangwa (K.40),,,,,
lyn,Luyana,,,,luya1241,
momo,Momo,,,,,
ngn,Ngwo,,,,ngwo1241,
ngn-ngw,Ngwo,,,,,
njan,Nyanja (N.30),,,,,
nso,"Sotho, Northern",,,,pedi1238,
nsot,Northern Sotho,,,,,
nya,Nyanja,,,,nyan1308,
nya-pet,Peta,,,,,
nyak,Nyakyusa (M.30),,,,,
nyik,Nyika (E.40),,,,,
nyu,Nyungwe,,,,nyun1248,
nyy,Nyakyusa-Ngonde,,,,nyak1260,
rng,Ronga,,,,rong1268,
sena,Sena,,,,,
sna,Shona,,,,shon1251,
sna-kar,Karanga,,,,,
sna-tok,Toko,,,,,
sna-zez,Zezuru,,,,,
sona,Shona (S.10),,,,,
soth,Sotho,,,,,
ssw,Siswazi,,,,swat1243,
tetl,Tetela (C.80),,,,,
tsn,Cuana,,,,tswa1253,
tsn-ngu,Ngwato,,,,,
tsn-taw,Tawana,,,,,
tso,Thonga,,,,tson1249,
tsrg,Tswa-Ronga (S.50),,,,,
tswa,Tswana,,,,,
tumb,Tumbuka (N.20),,,,,
vnda,Venda (S.20),,,,,
yaoo,Yao (P.20),,,,,
zul,Zulu,,,,zulu1248,
awn,Awngi,,,,awng1244,
ccus,Central Cushtic,,,,,
chad,Chad,,,,,
cush,proto-Cushtic,,,,,
ecus,East,,,,,
ncus,North,,,,,
omot,Omotic,,,,,
scus,South Cushitic,,,,,
afas,Afro-Asiatic,,,,afro1255,
afsm,Semitic,,,,semi1276,
berb,Berber,,,,,
bium,Biu-Mandara Branch,,,,,
echa,East,,,,,
elx,Elamite,,,,elam1244,
emsa,Eastern MSA,,,,,
gnc,Guanche,,,,guan1277,
guan,Guanche,,,,,
magh,Maghrebine,,,,,
masa,Masa Group,,,,,
mlt,Maltese,,,,malt1254,
nilc,Nilotischen Sprachen,,,,,
nubn,Nubian,,,,,
sqt,Soqoṭri,,,,soqo1240,
furr,Fur,,,,,
shu,"Arabic, Chadian Spoken",,,,chad1249,
shu-bat,Batha,,,,,
wcha,West Chadic,,,,,
kie,Kibeet,,,,kibe1241,
rou,Runga,,,,rung1258,
akan,Akan,,,,akan1250,
fula,Fula,,,,,
gbex,Gbe,,,,,
haus,Hausa,,,,,
song,Songhay,,,,,
wolf,Wolof,,,,,
yor,Yariba,,,,yoru1245,
fra,French,,,,stan1290,
aue,Kaukau,,,,kxau1241,
huc,|Hua,,,,hoaa1235,
knw,!Xung,,,,kung1261,
ktz,Ju|'hoan,,,,juho1239,
kwz,Kwadi,,,,kwad1244,
ngh-ngk,||Ng!ke,,,,,
nmn,!Xóõ,,,,huaa1248,
oun,!O !Kung,,,,oung1238,
ngh,N||ng,,,,nngg1234,
nhr,Naro,,,,naro1249,
nmn-aun,/Auni,,,,,
xam,|Xam,,,,xamm1241,
bant,Central Bantu,,,,,
naq,Nama,,,,nama1264,
kale,Kalenjin,,,,,
muu,Yaakua,,,,yaak1241,
nyan,Nyang,,,,,
snil,Southern Nilotic,,,,,
tcc,Tatoga,,,,dato1239,
gog,Gogo,,,,gogo1263,
gow,Gorowa,,,,goro1270,
irk,Mbulunge,,,,iraq1241,
lag,Langi,,,,lang1320,
lai,Lambia,,,,lamb1272,
mas,Maasai,,,,masa1300,
mgz,Mbugwe,,,,mbug1242,
nym,Nyamwezi,,,,nyam1276,
rim,Rimi,,,,nyat1246,
sad,Sandawe,,,,sand1273,
suk,Sukuma,,,,suku1261,
bnt,Baniata,,,,,
bxk,Bukusu,,,,buku1249,
enb,Markweeta,,,,mark1255,
guz,Kisii,,,,gusi1247,
ida-ida,Idaxo,,,,,
kdj,Karamojong,,,,kara1483,
kik,Kikuyu,,,,kiku1240,
kpz-sab,Kupsabiny,,,,,
luo,Luo,,,,luok1236,
myx-lug,Gishu,,,,,
ndor,Ndoro,,,,,
nnb,Nandi,,,,nand1264,
pko,Pökoot,,,,poko1263,
spy-koo,Koony,,,,,
trka,Turkana,,,,,
tuy,"Tugen, North",,,,tuge1241,
est,Viro,,,,,
smf,Auwe,,,,auwe1239,
ain,Ainu,,,,ainu1240,
aleu,Aleut,,,,aleu1260,
alt-alt,Altai Proper,,,,,
atv,Telengit,,,,nort2686,
bxr,Northern Mongolian,,,,russ1264,
cjs,Kuznets Tatar,,,,shor1247,
clw,Chulym,,,,chul1246,
gld,Birar,,,,nana1257,
gld-sam,Samagir,,,,,
khk,Halh Mongolian,,,,halh1238,
kjh-bel,Beltir,,,,,
kjh-kyz,Kyzyl,,,,,
kjh-sag,Sagaj,,,,,
klj,Arghu Turkic,,,,turk1303,
krk,Kerek,,,,kere1280,
neg,Neghidal,,,,negi1245,
niv,Nivkhi,,,,gily1242,
oac,Oroć,,,,oroc1248,
tat-eas,West Siberian Tartar,,,,,
tiv,Tiv,,,,tivv1240,
ude,Udegeis,,,,udih1248,
ulc,Ulych,,,,ulch1241,
zkb,Koibal,,,,samo1299,
hts,Hadza,,,,hadz1240,
nsg,Nass-Gitksan,,,,ngas1238,
soz,Kisonjo,,,,temi1247,
aam,"""Ndorobo""",,,,aram1252,
luyi,Luyia,,,,,
tetu,Karamojong-Teso,,,,,
masb,Masaba-Luyia (J.30),,,,,
bez,Bena,,,,bena1262,
chag,Chaga (E.30),,,,,
ebu,Embu,,,,embu1241,
fip,Fipa,,,,fipa1238,
heh,Hehe,,,,hehe1240,
kam,Kekamba,,,,kamb1297,
kiv,Ikibungu,,,,kimb1242,
kki,Kagulu,,,,kagu1239,
kln,Nandi,,,,kale1246,
ksb,Sambara,,,,sham1280,
meru,Meru,,,,,
mhd,Ma'a,,,,mbug1240,
nih,Nyiha,,,,nyih1240,
sbk,Safwa,,,,safw1238,
sbp,Eshisango,,,,sang1330,
tvs,Tubeta,,,,tave1240,
bds,Mbulunge,,,,buru1320,
bob,Boni,,,,awee1242,
dal,Dahalo,,,,daha1245,
khoe,Khoe,,,,,
bfa,Nil-Bari,,,,bari1284,
enil,Eastern Nilotic,,,,,
kdj-dod,Dodos,,,,,
kdj-jie,Jie,,,,,
lot,Otuho,,,,otuh1238,
mas-aru,Arusa,,,,,
orom,Oromo,,,,,
rel,Rendille,,,,rend1243,
saq,Samburu,,,,samb1315,
teo,Bakedi,,,,teso1249,
toq,Toposa,,,,topo1242,
tuv,Turkana,,,,turk1308,
dne,Ndendeule,,,,nden1249,
ngo,Kisutu,,,,,
nxi,Nindi,,,,nind1242,
prar,Arabic,,,,,
snq,Chango,,,,sang1333,
swah,Swahili (G.40),,,,,
oki,Okiek,,,,okie1245,
naq-dam,Damara,,,,,
pipi,Pipil,,,,,
zai,Zapotec,,,,isth1244,
nhk,Isthmus,,,,isth1240,
huas,Wastekan,,,,,
nhx,Isthmus,,,,isth1242,
mir,Mije,,,,isth1238,
nhp,Isthmus,,,,isth1241,
bwg,Barwe,,,,barw1243,
hero,Herero (R.30),,,,,
mxc,Manika,,,,many1258,
sots,Sotho-Tswana (S.30),,,,,
tsn-hur,Hurutshe,,,,,
tsn-kga,Kgatla,,,,,
tsn-kwe,Kwena,,,,,
tsn-ngw,Ngwaketse,,,,,
tsn-rol,Rolong,,,,,
tsn-tla,Tlahaping,,,,,
ven,Tshivenda,,,,vend1245,
xho,"""Kaffer""",,,,xhos1239,
xho-mpo,Mpondo,,,,,
xho-mps,Mpondomse,,,,,
xho-the,Thembu,,,,,
xkv,Kgalagadi,,,,kgal1244,
zul-qwa,Qwabe,,,,,
bcon,Benue-Congo,,,,,
csud,Central Sudanic,,,,,
kwaa,Kwa,,,,,
mnde,Mande,,,,,
dag,Dagbani,,,,dagb1246,
ffm,Fulbe,,,,maas1239,
gjn,Guang,,,,gonj1241,
gurm,Gurma,,,,,
maw,Mampelle,,,,mamp1244,
mos,Mooré,,,,moss1236,
sus,Susu,,,,susu1250,
bej,Bedya,,,,beja1238,
tash,Tamasheq,,,,,
tuq,Todga,,,,teda1241,
fuc-tou,Toucouleur,,,,,
fuv-sok,Sokoto,,,,,
nupe,Nupe,,,,,
mfj-mef,Mefele,,,,,
mfj-muh,Muhura,,,,,
mfj-ser,Sirak,,,,,
mfj-shu,Shugule,,,,,
pol,Polish,,,,poli1260,
abb,Abo,,,,bank1256,
aks,Akasele,,,,akas1242,
asa,Kow,,,,asut1235,
bas,Basaa,,,,basa1284,
bem,Bemba,,,,bemb1257,
bga-wur,Wuri,,,,,
bkh,Bakoko,,,,bako1249,
bng,Benga,,,,beng1282,
bni,Bobangi,,,,bang1354,
bnm,Batanga,,,,bata1285,
bou,Bondei,,,,bond1247,
bri,Mokpwe,,,,mokp1239,
bss,Akosi,,,,akoo1248,
buf,Bushoong,,,,bush1247,
bum,Bulu,,,,bulu1251,
bvb,Bubi,,,,bube1242,
cce-ton,Tonga,,,,,
cjk,Chokwe,,,,chok1245,
dav,Taita,,,,tait1250,
dig,Digo,,,,digo1243,
dtk-sag,Woru Kan,,,,,
dua,Duala,,,,dual1243,
ewo,Yaounde,,,,ewon1239,
gogo,Gogo (G.10),,,,,
hay,Haya,,,,haya1250,
hem,Hemba,,,,hemb1242,
her,Herero,,,,here1253,
her-mba,Mbandieru,,,,,
igb-kot,Koto,,,,,
ilb,Shukulumbwe,,,,ilaa1246,
isu,Isu,,,,isum1240,
kcu,Kami,,,,kami1256,
kde,Chimakonde,,,,mako1251,
ked,Kerewe,,,,kere1283,
kele,Kele (B.20),,,,,
kin,Rwanda,,,,kiny1244,
kmb,Mbundu,,,,kimb1241,
kng,Congo,,,,koon1244,
kny,Kanyok,,,,kany1247,
koh,Koyo,,,,koyo1242,
koo,Konjo,,,,konz1239,
kqn,Chikaonde,,,,kaon1241,
kqz,!Ora,,,,kora1292,
ksv,Kusu,,,,kusu1252,
kua,Kwanjama,,,,kuan1247,
leb-bis,Bisa,,,,,
leh,Chilenje,,,,lenj1248,
leka,Lega-Kalanga (D.20),,,,,
lin,Lingala,,,,ling1263,
loz,Lozi,,,,lozi1239,
lse,Lusengo,,,,luse1252,
luba,Luba (L.30),,,,,
lug,Luganda,,,,gand1255,
maua,Makua (P.30),,,,,
mck,Mbunda,,,,mbun1249,
mfv-lun,Lund,,,,,
mgr-mam,Icimambwe,,,,,
mgv,Kimatengo,,,,mate1258,
mgw,Matumbi,,,,matu1259,
mye-mpo,Mpongwe,,,,,
myx,Lumasaba,,,,masa1299,
nbl,Ndebele (in South Africa),,,,sout3270,
ndc,Sofala,,,,ndau1241,
ndo,Oshindonga,,,,ndon1254,
ngc,Ngombe,,,,ngom1268,
nix,Hema,,,,hema1238,
njy,Njyem,,,,njye1238,
nmd,Ndumu,,,,ndum1239,
nmg,Ngumba,,,,kwas1243,
nse,Chinsenga,,,,nsen1242,
nso-kop,Kopa,,,,,
nto-sok,Soko,,,,,
nyf,Giryama,,,,giry1241,
mzd,Malimba,,,,mali1280,
nza-nam,Nama,,,,,
pbr,Pangwa,,,,pang1287,
poko,Pokomo,,,,,
poy,Pogolo,,,,pogo1243,
sbs,Subiya,,,,subi1246,
seh,Chisena,,,,nucl1396,
sop,Northeast Luba,,,,song1303,
sot,Sesotho,,,,sout2807,
swh,Kisuahili,,,,swah1253,
teke,Teke (B.70),,,,,
tga,Sagalla,,,,saga1262,
tsc,Tswa,,,,tswa1255,
tsc-hle,Hlengwe,,,,,
tso-gwa,Gwamba,,,,,
tum,Tumbuka,,,,tumb1250,
tusi,Tusia,,,,,
vif,Fiot,,,,vili1238,
yao,Yao,,,,yaoo1241,
yom,Iombe,,,,yomb1244,
zaj,Zaramo,,,,zara1247,
ziw,Zigula,,,,zigu1244,
pol-mal,Malbork-Lubawa,,,,,
csb,Kashubian,,,,kash1274,
pol-sil,Silesian,,,,,
pol-wie,Wielkopolska,,,,,
bss-mwa,Mwambong,,,,,
cce,Cicopi,,,,chop1243,
ven-mbe,Mbedzi,,,,,
yey,Yeei,,,,yeyi1239,
chot,Chowra-Teressa,,,,,
jic,Eastern Tol,,,,toll1241,
tols,Tol,,,,,
len-ser,Serkin,,,,,
lenc,Lencan,,,,,
agu,Aguacatec,,,,agua1252,
caa,Ch'orti,,,,chor1273,
chf,Yokotán,,,,taba1266,
cob,Chicomuceltec,,,,chic1271,
ctu,Putum,,,,chol1282,
gqui,Greater Kichéan,,,,,
hus,"Huastec, Veracruz",,,,huas1242,
itz,Itzaj,,,,itza1241,
ixil,Aguatec-Ixil,,,,,
kchu,Kanjobalan-Chujean,,,,,
kek,Qeqchí,,,,kekc1242,
mop,Mopán,,,,mopa1243,
poc,Poqomam,,,,poqo1253,
poh,Pokomchi,,,,poqo1254,
quc,Quiche,,,,kich1262,
qum,Sipacapa Quiché,,,,sipa1247,
quv,Sacapultec,,,,saca1238,
toj,Tojolabal,,,,tojo1241,
ttc,Teko,,,,tekt1235,
tzel,Tzotzilan,,,,,
tzh,Tenejapa,,,,tzel1254,
tzj,Tzutujil,,,,tzut1248,
tzo,San Bartolomé Venustiano Carranza Tzotzil,,,,tzot1259,
usp,Uspanteko,,,,uspa1245,
yua,Yukateko,,,,yuca1254,
yuca,Yukatekan/Mayan,,,,,
esud,Eastern Sudanic,,,,,
0n0,Otomí,,,,,
0n1,Northern Misteko,,,,,
0n2,Centreal Mixteco,,,,,
0n3,Southern Misteko,,,,,
0ny,Choco Proper,,,,,
amu,Amusgo,,,,guer1243,
amuz,Amusgo,,,,guer1243,
azg,Oaxaca Amuzgo,,,,sanp1260,
azm,Amusgo,,,,ipal1235,
cco,Chinanteco (Comaltepec),,,,coma1246,
chic,Chinanteko,,,,,
chj,Chinanteco,,,,ojit1237,
chq,Chinanteco (Quiotepec),,,,quio1240,
chz,Ozumacin Chinantec,,,,ozum1235,
cle,Lealao Chinantec,,,,leal1235,
cly,"Chatino, Eastern Highland",,,,east2558,
cnl,Chinanteco,,,,lala1270,
cnt,Tepetotutla Chinantec,,,,tepe1279,
cpa,Palantla Chinanteko,,,,pala1351,
csa,"Chinantec, Chiltepec",,,,chil1282,
cso,Chinanteco,,,,soch1239,
cta,Tatalpepec Chatino,,,,tata1258,
cte,Tepinapa Chinantec,,,,tepi1241,
ctl,Chinanteco,,,,tlac1239,
ctp,Chatino,,,,west2644,
ctz,Chatino,,,,zaca1242,
cuc,Usila Chinanteko,,,,usil1237,
cut,Kwikateko,,,,teut1235,
cux,Kwikateko,,,,tepe1280,
cvn,Chinanteco,,,,vall1253,
cya,"Chatino, Nopala",,,,nopa1235,
czn,Zenzontepec Chatino,,,,zenz1235,
maa,Huautla-Mazatlán Masateko,,,,sanj1286,
maj,Jalapa Masateko,,,,jala1237,
maq,Masateko,,,,chiq1250,
mau,Huautla-Mazatlán Masateko,,,,huau1238,
maz,Masawa,,,,cent2144,
mmc,Masawa,,,,mich1246,
mzi,"Mazatec, Ixcatlán",,,,ixca1246,
otmn,Otomian,,,,,
otop,Otopamean,,,,,
pame,Pame,,,,,
popo,Popoloca,,,,,
subt,Subtiaba-Tlapanec,,,,,
sut,Sutiaba,,,,subt1250,
tcf,Tlapaneco-Sutiaba,,,,mali1285,
tpc,Azoyú Tlapaneko,,,,azoy1236,
tpl,Tlapaneco-Sutiaba,,,,tlac1237,
tpx,Tlapaneco-Sutiaba,,,,acat1239,
trc,Copala Trike,,,,copa1237,
trq,Trique,,,,sanm1298,
trs,Chicahuaxtla Trike,,,,chic1273,
vmp,Mazateco de Temascal,,,,soya1237,
vmy,Ayautla Soyaltepec Masateko,,,,ayau1235,
vmz,Huautla-Mazatlán Masateko,,,,maza1296,
zae,Zapotec,,,,yare1249,
zapc,Sapoteko,,,,,
zar,Zapotec,,,,rinc1236,
zpm,Mixtepec Zapotec,,,,mixt1426,
zpz,Solteco,,,,texm1235,
zsr,Southern Sapoteko,,,,sout3004,
anes,Austronesische Sprachen,,,,aust1307,
xin,Sinca,,,,xinc1237,
xink,Shinkan Complex,,,,,
tee,Tepewa,,,,hueh1236,
tlc,Misantla Totonako,,,,yecu1235,
tlp,Totonako,,,,filo1235,
toc,Totonako,,,,coyu1235,
too,Juárez Totonako,,,,xico1235,
tos,Highland Totonako,,,,high1243,
toto,Totonakan,,,,,
tpp,Tepewa,,,,pisa1237,
tpt,Tlachichilco Tepewa,,,,tlac1235,
tqt,Totonako,,,,west1511,
azte,Aztecold,,,,,
cok,Cora,,,,sant1424,
cora,Koran,,,,,
crn,Cora,,,,elna1235,
ncj,Northern Nawa,,,,nort2957,
nhe,Eastern Nawa,,,,east2538,
nhn,Central Nawa,,,,cent2132,
nhw,Western Nawa,,,,west2624,
nhy,Northern Nawa,,,,nort2958,
ppl,Pipil,,,,pipi1250,
algo,Algonquian,,,,algo1257,
bcr,Babine,,,,babi1235,
bea,Beaver,,,,beav1236,
blc,Bella Coola,,,,bell1243,
clc,Chilcotin,,,,chil1280,
coo,Çatlotq,,,,como1259,
coo-sli,Sliammon,,,,,
crx,Central Carrier,,,,carr1249,
fla,Flathead,,,,kali1308,
fla-kal,Kalispel,,,,,
git,Gyitska'n,,,,gitx1241,
has,Haisla,,,,hais1244,
hei,Heiltsuk-Oowekyala,,,,heil1246,
hei-oow,Oowekeeno,,,,,
hur,Holkomelem,,,,halk1245,
hur-mus,Musqueam,,,,,
kkz,Nahani,,,,kask1239,
kut,Kutenai,,,,kute1249,
kwk,Kwakiutl,,,,kwak1269,
lil,Lillooet,,,,lill1248,
ncg,Nisga'a,,,,nisg1240,
noo,Nootka,,,,noot1239,
noo-nit,Nitinat,,,,,
oka,Colville-Okanagan,,,,okan1243,
sek,Sekani,,,,seka1250,
shs,Shuswap,,,,shus1248,
squ,Squamish,,,,squa1248,
str,Straits,,,,stra1244,
str-saa,SENO̍OŦEN,,,,,
str-sem,Semiahmoo,,,,,
str-son,Songhees,,,,,
tce,Southern Tutchone,,,,sout2957,
tgx,Tagish,,,,tagi1240,
thp,Thompson,,,,thom1243,
tht,Tahltan,,,,tahl1239,
tli,Tlinkit,,,,tlin1245,
tsi,Coast Tsimshian,,,,nucl1649,
ttm,Northern Tutchone,,,,nort2941,
xsl,Slave,,,,sout2959,
guk,Mendeya,,,,gumu1244,
komn,Koman,,,,,
kulk,Kuliak,,,,,
kun,Baaden,,,,kuna1268,
maba,Maba,,,,,
nrb,Nara,,,,nara1262,
nsah,Nilo-Saharan,,,,,
saha,Saharan,,,,,
sbf,Shabo,,,,shab1252,
azb-afs,Afsar,,,,afsh1238,
azj,"Azerbaijani, North",,,,nort2697,
bak,Baskir,,,,bash1264,
chv,Chuvash,,,,chuv1255,
crh,Crimean Tatar,,,,crim1257,
kaa,Qarapulpaqs,,,,kara1467,
kaz,Qazaqi,,,,kaza1248,
kdr,Karaïm,,,,kara1464,
kir,Kirghiz,,,,kirg1245,
kmz,Khorasan Turkic,,,,khor1269,
kum,Kumyk,,,,kumy1244,
nog,Noghay,,,,noga1249,
qxq,Kashkai,,,,qash1240,
slr,Sala,,,,sala1264,
tat-bar,Baraba,,,,,
tuk,Turkmanian,,,,turk1304,
tur,Turkish,,,,nucl1301,
uig,Uighur,,,,uigh1240,
uzn,Uzbek,,,,nort2690,
ybe,Yellow Uyghur,,,,west2402,
chin,Chinesische,,,,,
kor,Korean,,,,kore1280,
mnc,Manchu,,,,manc1252,
atha,Athapaskan,,,,atha1247,
caf,Ulkatcho,,,,sout2958,
chp,Sluacus-tinneh,,,,chip1261,
cmna,Cree-Montagnais-Naskapi,,,,,
dgr,The Detah-Ndilo dialect developed from intermarriage between the Yellowknife subdivision of the Chipewyan and the Dogrib. Lexical similarity 84% with Southern Slavey,,,,dogr1252,
inga,Ingalik Cluster,,,,,
mic,Miigmao,,,,mikm1235,
moe,Innu-Aimun,,,,mont1268,
nsk,Eastern Naskapi,,,,nask1242,
ojib,Ojibwayan,,,,,
scs,Slavey,,,,nort2942,
tfn,Tanaina,,,,tana1289,
shbc,Hindi-Based Creoles,,,,,
mri,Maori,,,,maor1246,
0sc,Kardutjara-YulapaRitʸa,,,,,
duj,Duwal,,,,dhuw1249,
kld-yuw,Yuwaalaraay,,,,,
qwdl,Western Desert Language,,,,,
tasm,Tasmanian,,,,,
wbj,Alagwa,,,,alag1248,
xtz,Tasmanian,,,,tasm1247,
zmr,Maranunggu,,,,mara1386,
cmpo,Central Malayo-Polynesian,,,,,
cpap,Central Papuan,,,,,
epap,East Papuan,,,,,
form,Formosan,,,,,
ocea,Oceanic,,,,,
shwn,South Halmahera-West New Guinea,,,,,
wemp,Western Malayo-Polynesian,,,,,
wpap,West Papuan Highlands,,,,,
afr,Afrikaans,,,,afri1274,
glv,Manx,,,,manx1243,
abnk,Abenakian,,,,aben1250,
alq-nor,Northern Algonquin,,,,cree1271,
arho,Arapahoan,,,,arap1274,
atj,Attikamek,,,,atik1240,
ats,Gros Ventre,,,,gros1243,
bla,Blackfoot,,,,siks1238,
blft,Blackfoot,,,,,
cla,Ron,,,,ronn1241,
cree,Cree,,,,,
crj,Southern East Cree,,,,sout2978,
crk,Western Cree,,,,plai1258,
crl,Northern East Cree,,,,nort1552,
crm,Eastern Swampy Cree,,,,moos1236,
csw,Swampy Cree,,,,swam1239,
csw-eas,Eastern Swampy Cree,,,,,
csw-wes,Western Swampy Cree,,,,,
cwd,Cree,,,,wood1236,
mcmc,Micmac,,,,,
mgul,Northern Ojibwe,,,,,
ojb,Ojibwa,,,,nort2961,
ojg,Ojibwa,,,,east2542,
ojs,Ojibwa,,,,seve1240,
ojw,Saulteaux,,,,west1510,
olda,Old Algonquin,,,,,
otw,Ottawa,,,,otta1242,
pqm,Maliseet-Passamaquoddy,,,,male1292,
q19,Central Southern Ojibwe,,,,,
q54,Old Algonquin,,,,,
txdp,Souther Ojibwa,,,,,
xjdu,Montagnais-Naskapi,,,,,
bthk,Beothuk,,,,,
bue,Beothuk,,,,beot1247,
haid,Haidan Isolate,,,,,
hax,Kaigani,,,,sout2956,
hdn,Masset,,,,nort2938,
kute,Kootenay,,,,,
09k,North Slavey,,,,nort2942,
09l,Hare,,,,hare1244,
aht,Ah-tena,,,,ahte1237,
ahtn,Ahtna,,,,ahte1237,
babi,Babine-Carrier,,,,babi1235,
beav,Beaver-Sekani,,,,,
chil,Chilcotin,,,,,
eya,Eyak,,,,eyak1241,
eyak,Eyak,,,,,
haa,Han-Kutchin,,,,hann1241,
hank,Han-Kutchin,,,,,
harc,Dene,,,,,
hoi,Innoko,,,,holi1241,
ing,Ingalik,,,,dege1248,
inko,Koyukon-Ingalik,,,,,
kii,Kitsai,,,,kits1249,
koy,Ten'a,,,,koyu1237,
kuu,Upper Kuskokwim,,,,uppe1438,
qs7,Nicola,,,,,
sarc,Sarcee,,,,,
scs-bea,Bearlake Slavey,,,,,
scs-har,Hare,,,,,
scs-mou,Mountain Slavey,,,,,
srs,Tsuut'ina,,,,sars1236,
taa,Lower Tanana,,,,lowe1425,
tahl,Tahltan Cluster,,,,,
tana,Tanaina-Ahtna,,,,,
tann,Tanana,,,,,
tau,"Tanana, Upper",,,,uppe1437,
tcb,Tanacross,,,,tana1290,
tlin,Tlingit,,,,,
tsla,Nicola,,,,,
tsts,Tsetsaut,,,,,
tutc,Tuchone,,,,,
txc,Ts'ets'aut,,,,tset1236,
belc,Bella Coola,,,,,
col,Moses Columbia,,,,colu1241,
crd,Coeur D'Alene,,,,coeu1236,
insa,Interior Salish,,,,,
spo,Spokane,,,,spok1245,
asb,Stoney,,,,assi1247,
dako,Dakotan,,,,,
sto,Stoney,,,,ston1242,
09v,Coast Tsimshian,,,,coas1300,
09w,Southern Tsimshian,,,,sout2962,
mtsi,Maritime Tsimshian,,,,,
ngit,Nass-Gitksan,,,,,
tsi-coa,Coast Tsimshian,,,,,
tsi-sou,Old Klemtu,,,,,
tsim,Hydahs,,,,,
nwak,Northern Wakashan,,,,,
bvx,Dibole,,,,dibo1245,
zmx-cen,Central Bomitaba,,,,,
zmx-nor,Northern Bomitaba,,,,,
ayg,Guang,,,,giny1241,
zrn,Zirenkel,,,,zire1244,
sali,Salish,,,,,
ausa,Austroasiatischen Sprachen,,,,aust1305,
arao,Araona,,,,arao1248,
aro,Araona,,,,arao1248,
ayo,Ayoreo,,,,ayor1240,
bopa,Moho,,,,,
brg,Baure,,,,baur1253,
cao,Chákobo,,,,chac1251,
cas,Mosetén,,,,mose1249,
cax,Chiquitano,,,,chiq1248,
cax-pai,Paiconeca,,,,,
caz,Kanichana,,,,cani1243,
chiq,Chiquito,,,,,
cyb,Cayubaba,,,,cayu1262,
ese,Ese'eha,,,,esee1248,
gnw,Chiriguano,,,,west2640,
gug,"Guaraní, Paraguayan",,,,para1311,
gui,Guarani,,,,east2555,
gun,Mbyá Guaraní,,,,mbya1239,
gyr,Guaráyo,,,,guar1292,
lec,Chuncho Aleniano,,,,leco1242,
mpd,Maxineri,,,,mach1268,
mtp,Nocten,,,,wich1262,
mzp,Móbima,,,,movi1243,
pcp,Pacahuara,,,,paca1246,
purs,Piro,,,,,
quch,Quechu-Maran Subphylum,,,,,
rey,Maropa,,,,reye1240,
span,Southern Panoan,,,,,
srq,Siriono,,,,siri1273,
taca,Takanan,,,,,
tacp,Takana,,,,,
tna,Tacana,,,,taca1256,
tpj,Tapiete,,,,tapi1253,
tupi,Tupian,,,,,
urch,Chipaya-Uru,,,,,
ure,Muratu,,,,uruu1244,
yaa,Yaminawa,,,,yami1256,
yash,Yaminahua-Sharanahua,,,,,
yuq,Bia,,,,yuqu1240,
yuz,Yuracaré,,,,yura1255,
zamu,Samukoan,,,,,
kjs,Eastern Kewa,,,,east2516,
oaa,Uilta,,,,orok1265,
ari,Arikara,,,,arik1262,
cad,Caddoe,,,,cadd1256,
ncad,Northern Caddoan,,,,,
paw,Grand Pawnee,,,,pawn1254,
scad,Southern Caddoan,,,,,
wic,Witchita,,,,wich1260,
kark,Quoratean,,,,,
kyh,Quoratean,,,,karo1304,
kee,"Keres, Eastern",,,,east1472,
kere,Keres,,,,,
kjq,"Keres, Western",,,,west2632,
kio,Kiowan,,,,kiow1266,
kiow,Kiowa,,,,,
ntiw,Northern Tiwa,,,,,
tew,Arizona Tewa,,,,tewa1260,
tew-han,Tano,,,,,
tew-rio,Rio Grande Tewa,,,,,
tewa,Tewa,,,,,
tiwa,Tiwa,,,,,
tix,Southern Tiwa,,,,sout2961,
tix-isl,Isleta-Sandia,,,,,
tix-san,Isleta-Sandia,,,,,
tow,Tanoan,,,,jeme1245,
towa,Towa,,,,,
twf,Picuris,,,,nort1550,
twf-pic,Picuris,,,,,
twf-tao,Taos-Picuris,,,,,
maid,Maiduan,,,,,
mjd,Konkow,,,,nort2951,
akz,Alabama,,,,alab1237,
cho,Choctaw,,,,choc1276,
cic,Chickasaw,,,,chic1270,
cku,Koasati,,,,koas1236,
emsk,Eastern Muskogean,,,,,
mik,Miccosukee,,,,mika1239,
mus,Northern Muskogean,,,,cree1270,
wmsk,Western Muskogean,,,,,
apac,Apachean Athabaskan,,,,apac1239,
apj,Jicarilla,,,,jica1244,
apk,Llanero,,,,kiow1264,
apm,Mescalero-Chiricahau,,,,mesc1238,
apm-chi,Chiricahua,,,,mesc1238,
apm-mes,Mescalero,,,,mesc1238,
apw,"Apache, Western",,,,west2615,
cali,California Athabaskan,,,,,
eapa,Eastern Apachean Athabaskan,,,,,
hup,Hoopa,,,,hupa1239,
nav,Navaho,,,,nava1243,
oreg,Oregon,,,,,
tol,Tolowa,,,,tolo1259,
acv,Achoma'wi,,,,achu1247,
palh,Palaik,,,,,
easn,Eastern Pomo,,,,,
kju,Kashaya,,,,kash1280,
nrur,Northern Group,,,,,
peb,Pomo (Eastern),,,,east2545,
pej,Redwood Cañon,,,,nort2966,
peq,Southern Pomo,,,,sout2984,
poo,Oat Valley,,,,cent2138,
csm,Central Sierra Miwok,,,,cent2140,
emiw,Eastern Miwok,,,,,
lmw,Miwok (Lake),,,,lake1258,
nsq,"Miwok, Northern Sierra",,,,nort2968,
skd,Southern Sierra Miwok,,,,sout2985,
wmiw,Western Miwok,,,,,
chl,Cahuilla,,,,cahu1264,
cnum,Central Numic,,,,,
com,Comanche,,,,coma1245,
cupa,Cupan,,,,,
flcf,Serrano-Kitanemuk,,,,,
hop,Pueblo,,,,hopi1249,
hopi,Pueblo,,,,,
lui,Luiseño,,,,luis1253,
mnr,Mono,,,,mono1275,
pao,Northern Paiute,,,,nort2954,
par,Panamint,,,,pana1305,
ser,Serrano,,,,serr1255,
shh,Shonshoni,,,,shos1248,
snum,Southern Numic,,,,,
ssh,"Arabic, Shihhi Spoken",,,,shih1239,
trca,Taracahitic,,,,,
tub,Tubatulabal,,,,tuba1278,
tuba,Tubatulabal,,,,,
ute,Ute,,,,utes1238,
wnum,Western Numic,,,,,
xaw,Kawaiisu,,,,kawa1283,
aba,Abé,,,,abee1242,
abk-abz,Abzhui,,,,abkh1244,
abk-bzy,Bzyb,,,,bzyb1238,
abk-sam,Samurzakan,,,,samu1242,
ady-nat,Natukhai,,,,natu1243,
ady-xak,Xakuchi,,,,xaku1238,
kbd-kub,Kuban,,,,,
uby,Ubykh,,,,ubyk1235,
agx,Aghulshuy,,,,aghu1253,
ale,Aleut,,,,aleu1260,
alr,Alutor,,,,alut1245,
andi,Andi,,,,,
aqc,Archi,,,,arch1244,
arme,armenische,,,,east2768,
atc,Atsahuaca,,,,atsa1242,
ava,Avar,,,,avar1256,
azn,Azerbaijanian,,,,west2778,
bel,Bielorussian,,,,bela1254,
buri,Buriat,,,,,
bvhe,Komi,,,,,
che,Chechen,,,,chec1245,
cher,Mariic,,,,,
dar,Dargintsy,,,,darg1241,
dar-kaj,Kajtak,,,,,
dar-kub,Kubachi,,,,,
eski,Eskimoan,,,,,
fin,Suomi,,,,finn1318,
geor,Georgian,,,,,
gern,German,,,,,
inh,Ingus,,,,ingu1240,
izh,Izhora,,,,ingr1248,
ket,Yenisei Ostyak,,,,kett1243,
koi,Komi-Permyak,,,,komi1269,
krc-bal,Balkar,,,,,
krl,Karelian,,,,kare1335,
lapp,Samic,,,,,
lav,“Lettisch” ,,,,latv1249,
lbe,Lak,,,,lakk1252,
lez,Lezgian,,,,lezg1247,
lit,Lithuanian,,,,lith1251,
myv,Mordwinisch,,,,erzy1239,
oss,Ossetian,,,,iron1242,
romi,Romani,,,,,
ron-mol,Moldavan,,,,,
rut,Chal,,,,rutu1240,
tab,Tabassaran,,,,taba1259,
tat-mid,Middle Tatar,,,,,
tkr,Caxur,,,,tsak1249,
udm,Udmurt,,,,udmu1245,
udm-nor,northern,,,,,
vep,Veps,,,,veps1250,
vot,vote,,,,voti1245,
xal,Kalmyk-Oirat,,,,kalm1243,
xcv,Chuvants,,,,chuv1256,
yuu,Yugh,,,,yugh1240,
was,Washoa,,,,wash1253,
wash,Washoan Isolate,,,,,
09x,Patwin,,,,patw1250,
wint,Wintoon,,,,,
wit,Wintu,,,,wint1259,
wit-hil,Patwin,,,,,
wit-hpa,Patwin,,,,,
wit-npa,Patwin,,,,,
wit-pat,Patwin,,,,,
wit-riv,Patwin,,,,,
wit-rpa,Patwin,,,,,
wit-shp,Southern Hill Patwin,,,,,
wit-spa,Patwin,,,,,
090,Old Lithuanian,,,,oldl1240,
q1s,Kings River,,,,,
qr0,Tule-Kaweah,,,,,
yok,Yokuts,,,,yoku1256,
yok-far,Valley Yokuts,,,,,
yok-kin,Kings River,,,,,
yok-nor,Valley Yokuts,,,,,
yok-sou,Valley Yokuts,,,,,
yok-tlw,Tule-Kaweah,,,,,
yok-val,Valley Yokuts,,,,,
yoku,Yokuts,,,,,
yuc,Uchean,,,,yuch1247,
yuch,Uchean,,,,,
zun,Zuni,,,,zuni1245,
zuni,Zuni,,,,,
abe,Western Abenaki,,,,west2630,
alq,Algonkin,,,,algo1255,
arp,Arapaho,,,,arap1274,
chey,Cheyenne,,,,,
chy,Cheyenne,,,,chey1247,
crg,Michif,,,,mich1243,
ecre,East Cree,,,,,
iaam,Sauk-Fox-Kickapoo,,,,,
kic,Kickapoo,,,,kick1244,
mdmb,Delaware,,,,,
mez,Menominee,,,,meno1252,
mnmn,Menominee,,,,,
moe-cen,Central Montagnais,,,,,
moe-eas,Eastern Montagnais,,,,,
moe-wes,Western Montagnais,,,,,
mtgn,Innu,,,,,
nsk-eas,Eastern Naskapi,,,,,
nsk-wes,Western Naskapi,,,,,
nskp,Naskapi,,,,,
pot,Potawatomi,,,,pota1247,
ptwt,Potawatomi,,,,,
sac,Sauk-Fox,,,,mesk1242,
sjw,Shawnee,,,,shaw1249,
umu,Munsee,,,,muns1251,
yur,Pekwan,,,,yuro1248,
yuro,Yurok,,,,,
chik,Chinook,,,,,
wac,Wasco-Wishram,,,,wasc1239,
ems,"South Alaska ""Eskimo""",,,,paci1278,
esi,"""Eskimo""",,,,nort2943,
esk,Seward Peninsula Inupiaq,,,,nort2945,
ess,St. Lawrence Island Yupik,,,,cent2128,
esu,Central Alaskan Yup'ik,,,,cent2127,
ike,"Inuktitut, Eastern Canadian",,,,east2534,
ikt,Canadian Inuit,,,,west2618,
inui,Inupiaq,,,,,
kal,West Greenlandic,,,,kala1399,
kal-eas,East Greenlandic,,,,,
kal-wes,West Greenlandic,,,,,
ynk,East Cape,,,,nauk1242,
yupi,Western Eskimo,,,,,
cay,Cayuga,,,,cayu1261,
chr,Cherokee,,,,cher1273,
lptd,Iroquois Proper,,,,,
moh,Mohawk,,,,moha1258,
one,Oneida,,,,onei1249,
ono,Onandaga,,,,onon1246,
see,Tsonnontouan,,,,sene1264,
siro,Southern Iroquoian,,,,,
tuno,Tuscarora-Nottoway,,,,,
tus,Tuscarora,,,,tusc1257,
kla,Klamath-Modoc,,,,klam1254,
klmo,Klamath,,,,,
nez,Nez Perce,,,,nezp1238,
qot,Sahaptin,,,,,
shap,Sahaptian,,,,,
tqn,Tenino,,,,teni1238,
uma,Umatilla,,,,umat1237,
waa,North Sahaptin,,,,wall1238,
yak,Northwestern,,,,yaki1237,
clm,Klellam,,,,clal1241,
csal,Coast Salish,,,,,
lut,Puget Sound Salish,,,,lush1252,
sec,Siciatl,,,,sech1246,
chwi,Winnebago-Chiwere,,,,,
cro,Crow,,,,crow1244,
dak,Santee,,,,dako1258,
dheg,Dhegihan,,,,,
hid,Hidatsa,,,,hida1246,
iow,Chiwere,,,,iowa1245,
ksk,Osage,,,,kans1243,
mann,Mandan,,,,,
mhq,Mandan,,,,mand1446,
misv,Missouri River,,,,,
oma,Omaha-Ponca,,,,omah1247,
osa,Osage,,,,osag1243,
win,Hocak Wazijaci,,,,hoch1243,
swak,Nootkan,,,,,
myh,Maanyan,,,,maka1318,
tequ,Tequistlatecan,,,,,
cqch,Central Quechua,,,,,
quea,Yungay,,,,,
queb,Northern Chinchay,,,,,
quec,Southern,,,,,
quew,Central Quechua,,,,,
pnb,Standard Lahnda,,,,west2386,
aiw,Ari-Galila,,,,aari1239,
wya,Huron,,,,wyan1247,
ojc,Ojibwa,,,,cent2136,
qgl,Erie,,,,,
mia,Piankishaw,,,,miam1252,
ciw,Ojibwe (Minnesota),,,,chip1241,
qes,Mascouten,,,,,
nah,Nahuatl (Milpa Alta),,,,,
pol-kaz,Kaszuby,,,,,
pol-maz,Mazovian,,,,,
kmr,"Kurdish, Northern",,,,nort2641,
ara,Arabic,,,,arab1395,
eira,Eastern Iranian,,,,,
trks,Turkish,,,,,
azb-ira,Northern Iranian,,,,,
kur,Kurdish,,,,kurd1259,
kurd,Kurdish,,,,,
neir,Northern Eastern Iranian,,,,,
bdl,Bajau (Indonesian),,,,indo1317,
ofbc,French based,,,,,
aucr,Australian Creole,,,,,
oebc,English based,,,,,
aupi,Australian Pidgin,,,,,
mal,Malayalam,,,,mala1464,
kan,Madrassi,,,,nucl1305,
idb,Indo-Portuguese,,,,dama1278,
kfa,Khurgi,,,,koda1255,
tam,Damulian,,,,tami1289,
guj-ptn,Saurashtri,,,,,
sci,Sri Lankan Creole Malay,,,,sril1245,
koq,Ikuta,,,,kota1274,
kfi,Kurumba,,,,kann1253,
tel,Tailangi,,,,telu1262,
url,Uraly,,,,ural1274,
iru,Iruḷa,,,,irul1243,
tcy,Tulu,,,,tulu1258,
sin,Sinhala,,,,sinh1246,
knn,Marathi of Central and North Konkan,,,,konk1267,
krga,Koraga,,,,,
tcx,Todi,,,,toda1252,
iru-nor,Kasuba,,,,,
ved,Veddah,,,,vedd1240,
bfq,Badugu,,,,bada1257,
emnd,Eastern Mande,,,,,
wmnd,Western Mande,,,,,
ccsm,Central Central-Southwestern Mande,,,,,
hau-wes,Western Hausa,,,,,
ars,"Arabic, Najdi Spoken",,,,najd1235,
yud,"Arabic, Judeo-Tripolitanian",,,,jude1264,
yhd,"Arabic, Judeo-Iraqi",,,,jude1266,
arz,"Arabic, Egyptian Spoken",,,,egyp1253,
arq,"Arabic, Algerian Spoken",,,,alge1239,
ajp,Arabic (Negev),,,,sout3123,
mlsb,"Mixed Language, Songhay-Berber",,,,,
eber,Eastern Berber,,,,,
qb8,Berber (Figuig),,,,,
nwwm,Northwestern Western Mande,,,,,
cswm,Central/South-west Mande,,,,,
hau-eas,Eastern Hausa,,,,,
hau-nor,North Hausa,,,,,
pga,"Arabic, Sudanese Creole",,,,suda1237,
ayp,"Arabic, North Mesopotamian Spoken",,,,nort3142,
jye,"Arabic, Judeo-Yemeni",,,,jude1267,
aju,"Arabic, Judeo-Moroccan",,,,jude1265,
acw,"Arabic, Hijazi Spoken",,,,hija1235,
ayl-eas,Arabic (Eastern Libyan),,,,,
ary,Arabic (Moroccan),,,,moro1292,
jbe,Judeo-Berber,,,,jude1262,
bbpr,Berber Proper,,,,,
men,Mende,,,,mend1266,
eemd,Eastern Eastern Mande,,,,,
txh,Thracian,,,,thra1250,
hell,Hellenic,,,,,
thra,Thracian,,,,,
xce,Celtiberian,,,,celt1247,
iran,Iranian,,,,,
